tbm_node_id,component,local_x_m,local_y_m,local_z_m,normal_x,normal_y,normal_z
0,cutterhead,0.0,-4.0,-8.881784197001252e-16,1.0,0.0,0.0
1,cutterhead,0.0,-3.2,-1.6000000000000005,1.0,0.0,0.0
2,cutterhead,0.0,-3.2,-0.8000000000000007,1.0,0.0,0.0
3,cutterhead,0.0,-3.2,-8.881784197001252e-16,1.0,0.0,0.0
4,cutterhead,0.0,-3.2,0.7999999999999989,1.0,0.0,0.0
5,cutterhead,0.0,-3.2,1.5999999999999988,1.0,0.0,0.0
6,cutterhead,0.0,-3.2,2.3999999999999986,1.0,0.0,0.0
7,cutterhead,0.0,-2.4000000000000004,-2.4000000000000004,1.0,0.0,0.0
8,cutterhead,0.0,-2.4000000000000004,-1.6000000000000005,1.0,0.0,0.0
9,cutterhead,0.0,-2.4000000000000004,-0.8000000000000007,1.0,0.0,0.0
10,cutterhead,0.0,-2.4000000000000004,-8.881784197001252e-16,1.0,0.0,0.0
11,cutterhead,0.0,-2.4000000000000004,0.7999999999999989,1.0,0.0,0.0
12,cutterhead,0.0,-2.4000000000000004,1.5999999999999988,1.0,0.0,0.0
13,cutterhead,0.0,-2.4000000000000004,2.3999999999999986,1.0,0.0,0.0
14,cutterhead,0.0,-2.4000000000000004,3.1999999999999984,1.0,0.0,0.0
15,cutterhead,0.0,-1.6000000000000005,-3.2,1.0,0.0,0.0
16,cutterhead,0.0,-1.6000000000000005,-2.4000000000000004,1.0,0.0,0.0
17,cutterhead,0.0,-1.6000000000000005,-1.6000000000000005,1.0,0.0,0.0
18,cutterhead,0.0,-1.6000000000000005,-0.8000000000000007,1.0,0.0,0.0
19,cutterhead,0.0,-1.6000000000000005,-8.881784197001252e-16,1.0,0.0,0.0
20,cutterhead,0.0,-1.6000000000000005,0.7999999999999989,1.0,0.0,0.0
21,cutterhead,0.0,-1.6000000000000005,1.5999999999999988,1.0,0.0,0.0
22,cutterhead,0.0,-1.6000000000000005,2.3999999999999986,1.0,0.0,0.0
23,cutterhead,0.0,-1.6000000000000005,3.1999999999999984,1.0,0.0,0.0
24,cutterhead,0.0,-0.8000000000000007,-3.2,1.0,0.0,0.0
25,cutterhead,0.0,-0.8000000000000007,-2.4000000000000004,1.0,0.0,0.0
26,cutterhead,0.0,-0.8000000000000007,-1.6000000000000005,1.0,0.0,0.0
27,cutterhead,0.0,-0.8000000000000007,-0.8000000000000007,1.0,0.0,0.0
28,cutterhead,0.0,-0.8000000000000007,-8.881784197001252e-16,1.0,0.0,0.0
29,cutterhead,0.0,-0.8000000000000007,0.7999999999999989,1.0,0.0,0.0
30,cutterhead,0.0,-0.8000000000000007,1.5999999999999988,1.0,0.0,0.0
31,cutterhead,0.0,-0.8000000000000007,2.3999999999999986,1.0,0.0,0.0
32,cutterhead,0.0,-0.8000000000000007,3.1999999999999984,1.0,0.0,0.0
33,cutterhead,0.0,-8.881784197001252e-16,-4.0,1.0,0.0,0.0
34,cutterhead,0.0,-8.881784197001252e-16,-3.2,1.0,0.0,0.0
35,cutterhead,0.0,-8.881784197001252e-16,-2.4000000000000004,1.0,0.0,0.0
36,cutterhead,0.0,-8.881784197001252e-16,-1.6000000000000005,1.0,0.0,0.0
37,cutterhead,0.0,-8.881784197001252e-16,-0.8000000000000007,1.0,0.0,0.0
38,cutterhead,0.0,-8.881784197001252e-16,-8.881784197001252e-16,1.0,0.0,0.0
39,cutterhead,0.0,-8.881784197001252e-16,0.7999999999999989,1.0,0.0,0.0
40,cutterhead,0.0,-8.881784197001252e-16,1.5999999999999988,1.0,0.0,0.0
41,cutterhead,0.0,-8.881784197001252e-16,2.3999999999999986,1.0,0.0,0.0
42,cutterhead,0.0,-8.881784197001252e-16,3.1999999999999984,1.0,0.0,0.0
43,cutterhead,0.0,-8.881784197001252e-16,3.9999999999999982,1.0,0.0,0.0
44,cutterhead,0.0,0.7999999999999989,-3.2,1.0,0.0,0.0
45,cutterhead,0.0,0.7999999999999989,-2.4000000000000004,1.0,0.0,0.0
46,cutterhead,0.0,0.7999999999999989,-1.6000000000000005,1.0,0.0,0.0
47,cutterhead,0.0,0.7999999999999989,-0.8000000000000007,1.0,0.0,0.0
48,cutterhead,0.0,0.7999999999999989,-8.881784197001252e-16,1.0,0.0,0.0
49,cutterhead,0.0,0.7999999999999989,0.7999999999999989,1.0,0.0,0.0
50,cutterhead,0.0,0.7999999999999989,1.5999999999999988,1.0,0.0,0.0
51,cutterhead,0.0,0.7999999999999989,2.3999999999999986,1.0,0.0,0.0
52,cutterhead,0.0,0.7999999999999989,3.1999999999999984,1.0,0.0,0.0
53,cutterhead,0.0,1.5999999999999988,-3.2,1.0,0.0,0.0
54,cutterhead,0.0,1.5999999999999988,-2.4000000000000004,1.0,0.0,0.0
55,cutterhead,0.0,1.5999999999999988,-1.6000000000000005,1.0,0.0,0.0
56,cutterhead,0.0,1.5999999999999988,-0.8000000000000007,1.0,0.0,0.0
57,cutterhead,0.0,1.5999999999999988,-8.881784197001252e-16,1.0,0.0,0.0
58,cutterhead,0.0,1.5999999999999988,0.7999999999999989,1.0,0.0,0.0
59,cutterhead,0.0,1.5999999999999988,1.5999999999999988,1.0,0.0,0.0
60,cutterhead,0.0,1.5999999999999988,2.3999999999999986,1.0,0.0,0.0
61,cutterhead,0.0,1.5999999999999988,3.1999999999999984,1.0,0.0,0.0
62,cutterhead,0.0,2.3999999999999986,-3.2,1.0,0.0,0.0
63,cutterhead,0.0,2.3999999999999986,-2.4000000000000004,1.0,0.0,0.0
64,cutterhead,0.0,2.3999999999999986,-1.6000000000000005,1.0,0.0,0.0
65,cutterhead,0.0,2.3999999999999986,-0.8000000000000007,1.0,0.0,0.0
66,cutterhead,0.0,2.3999999999999986,-8.881784197001252e-16,1.0,0.0,0.0
67,cutterhead,0.0,2.3999999999999986,0.7999999999999989,1.0,0.0,0.0
68,cutterhead,0.0,2.3999999999999986,1.5999999999999988,1.0,0.0,0.0
69,cutterhead,0.0,2.3999999999999986,2.3999999999999986,1.0,0.0,0.0
70,cutterhead,0.0,2.3999999999999986,3.1999999999999984,1.0,0.0,0.0
71,cutterhead,0.0,3.1999999999999984,-2.4000000000000004,1.0,0.0,0.0
72,cutterhead,0.0,3.1999999999999984,-1.6000000000000005,1.0,0.0,0.0
73,cutterhead,0.0,3.1999999999999984,-0.8000000000000007,1.0,0.0,0.0
74,cutterhead,0.0,3.1999999999999984,-8.881784197001252e-16,1.0,0.0,0.0
75,cutterhead,0.0,3.1999999999999984,0.7999999999999989,1.0,0.0,0.0
76,cutterhead,0.0,3.1999999999999984,1.5999999999999988,1.0,0.0,0.0
77,cutterhead,0.0,3.1999999999999984,2.3999999999999986,1.0,0.0,0.0
78,cutterhead,0.0,3.9999999999999982,-8.881784197001252e-16,1.0,0.0,0.0
79,front_shield,-0.5,3.95,0.0,0.0,1.0,0.0
80,front_shield,-0.5,3.889990624398222,0.6859103017843748,0.0,0.984807753012208,0.17364817766693033
81,front_shield,-0.5,3.7117858521043385,1.3509795661363915,0.0,0.9396926207859084,0.3420201433256687
82,front_shield,-0.5,3.420800344948533,1.9749999999999999,0.0,0.8660254037844387,0.49999999999999994
83,front_shield,-0.5,3.0258755503199635,2.5390110582618304,0.0,0.766044443118978,0.6427876096865393
84,front_shield,-0.5,2.5390110582618304,3.0258755503199635,0.0,0.6427876096865394,0.766044443118978
85,front_shield,-0.5,1.9750000000000005,3.4208003449485327,0.0,0.5000000000000001,0.8660254037844386
86,front_shield,-0.5,1.350979566136392,3.711785852104338,0.0,0.3420201433256688,0.9396926207859083
87,front_shield,-0.5,0.6859103017843752,3.889990624398222,0.0,0.17364817766693041,0.984807753012208
88,front_shield,-0.5,2.4186774283160225e-16,3.95,0.0,6.123233995736766e-17,1.0
89,front_shield,-0.5,-0.6859103017843747,3.889990624398222,0.0,-0.1736481776669303,0.984807753012208
90,front_shield,-0.5,-1.3509795661363915,3.7117858521043385,0.0,-0.3420201433256687,0.9396926207859084
91,front_shield,-0.5,-1.9749999999999992,3.420800344948533,0.0,-0.4999999999999998,0.8660254037844387
92,front_shield,-0.5,-2.5390110582618304,3.0258755503199635,0.0,-0.6427876096865394,0.766044443118978
93,front_shield,-0.5,-3.025875550319963,2.539011058261831,0.0,-0.7660444431189779,0.6427876096865395
94,front_shield,-0.5,-3.420800344948533,1.9749999999999999,0.0,-0.8660254037844387,0.49999999999999994
95,front_shield,-0.5,-3.711785852104338,1.3509795661363921,0.0,-0.9396926207859083,0.3420201433256689
96,front_shield,-0.5,-3.889990624398222,0.6859103017843763,0.0,-0.984807753012208,0.1736481776669307
97,front_shield,-0.5,-3.95,4.837354856632045e-16,0.0,-1.0,1.2246467991473532e-16
98,front_shield,-0.5,-3.889990624398222,-0.6859103017843736,0.0,-0.9848077530122081,-0.17364817766693003
99,front_shield,-0.5,-3.7117858521043385,-1.3509795661363913,0.0,-0.9396926207859084,-0.34202014332566866
100,front_shield,-0.5,-3.4208003449485336,-1.974999999999999,0.0,-0.8660254037844388,-0.4999999999999997
101,front_shield,-0.5,-3.0258755503199635,-2.5390110582618304,0.0,-0.766044443118978,-0.6427876096865393
102,front_shield,-0.5,-2.539011058261831,-3.025875550319963,0.0,-0.6427876096865395,-0.7660444431189779
103,front_shield,-0.5,-1.9750000000000019,-3.420800344948532,0.0,-0.5000000000000004,-0.8660254037844384
104,front_shield,-0.5,-1.3509795661363941,-3.7117858521043376,0.0,-0.3420201433256694,-0.9396926207859082
105,front_shield,-0.5,-0.6859103017843748,-3.889990624398222,0.0,-0.17364817766693033,-0.984807753012208
106,front_shield,-0.5,-7.256032284948068e-16,-3.95,0.0,-1.8369701987210297e-16,-1.0
107,front_shield,-0.5,0.6859103017843734,-3.889990624398222,0.0,0.17364817766692997,-0.9848077530122081
108,front_shield,-0.5,1.3509795661363893,-3.711785852104339,0.0,0.34202014332566816,-0.9396926207859085
109,front_shield,-0.5,1.9750000000000005,-3.4208003449485327,0.0,0.5000000000000001,-0.8660254037844386
110,front_shield,-0.5,2.5390110582618304,-3.025875550319964,0.0,0.6427876096865393,-0.7660444431189781
111,front_shield,-0.5,3.0258755503199626,-2.5390110582618313,0.0,0.7660444431189778,-0.6427876096865396
112,front_shield,-0.5,3.420800344948532,-1.9750000000000019,0.0,0.8660254037844384,-0.5000000000000004
113,front_shield,-0.5,3.711785852104337,-1.3509795661363944,0.0,0.9396926207859081,-0.34202014332566943
114,front_shield,-0.5,3.889990624398222,-0.6859103017843751,0.0,0.984807753012208,-0.1736481776669304
115,front_shield,-1.0,3.95,0.0,0.0,1.0,0.0
116,front_shield,-1.0,3.889990624398222,0.6859103017843748,0.0,0.984807753012208,0.17364817766693033
117,front_shield,-1.0,3.7117858521043385,1.3509795661363915,0.0,0.9396926207859084,0.3420201433256687
118,front_shield,-1.0,3.420800344948533,1.9749999999999999,0.0,0.8660254037844387,0.49999999999999994
119,front_shield,-1.0,3.0258755503199635,2.5390110582618304,0.0,0.766044443118978,0.6427876096865393
120,front_shield,-1.0,2.5390110582618304,3.0258755503199635,0.0,0.6427876096865394,0.766044443118978
121,front_shield,-1.0,1.9750000000000005,3.4208003449485327,0.0,0.5000000000000001,0.8660254037844386
122,front_shield,-1.0,1.350979566136392,3.711785852104338,0.0,0.3420201433256688,0.9396926207859083
123,front_shield,-1.0,0.6859103017843752,3.889990624398222,0.0,0.17364817766693041,0.984807753012208
124,front_shield,-1.0,2.4186774283160225e-16,3.95,0.0,6.123233995736766e-17,1.0
125,front_shield,-1.0,-0.6859103017843747,3.889990624398222,0.0,-0.1736481776669303,0.984807753012208
126,front_shield,-1.0,-1.3509795661363915,3.7117858521043385,0.0,-0.3420201433256687,0.9396926207859084
127,front_shield,-1.0,-1.9749999999999992,3.420800344948533,0.0,-0.4999999999999998,0.8660254037844387
128,front_shield,-1.0,-2.5390110582618304,3.0258755503199635,0.0,-0.6427876096865394,0.766044443118978
129,front_shield,-1.0,-3.025875550319963,2.539011058261831,0.0,-0.7660444431189779,0.6427876096865395
130,front_shield,-1.0,-3.420800344948533,1.9749999999999999,0.0,-0.8660254037844387,0.49999999999999994
131,front_shield,-1.0,-3.711785852104338,1.3509795661363921,0.0,-0.9396926207859083,0.3420201433256689
132,front_shield,-1.0,-3.889990624398222,0.6859103017843763,0.0,-0.984807753012208,0.1736481776669307
133,front_shield,-1.0,-3.95,4.837354856632045e-16,0.0,-1.0,1.2246467991473532e-16
134,front_shield,-1.0,-3.889990624398222,-0.6859103017843736,0.0,-0.9848077530122081,-0.17364817766693003
135,front_shield,-1.0,-3.7117858521043385,-1.3509795661363913,0.0,-0.9396926207859084,-0.34202014332566866
136,front_shield,-1.0,-3.4208003449485336,-1.974999999999999,0.0,-0.8660254037844388,-0.4999999999999997
137,front_shield,-1.0,-3.0258755503199635,-2.5390110582618304,0.0,-0.766044443118978,-0.6427876096865393
138,front_shield,-1.0,-2.539011058261831,-3.025875550319963,0.0,-0.6427876096865395,-0.7660444431189779
139,front_shield,-1.0,-1.9750000000000019,-3.420800344948532,0.0,-0.5000000000000004,-0.8660254037844384
140,front_shield,-1.0,-1.3509795661363941,-3.7117858521043376,0.0,-0.3420201433256694,-0.9396926207859082
141,front_shield,-1.0,-0.6859103017843748,-3.889990624398222,0.0,-0.17364817766693033,-0.984807753012208
142,front_shield,-1.0,-7.256032284948068e-16,-3.95,0.0,-1.8369701987210297e-16,-1.0
143,front_shield,-1.0,0.6859103017843734,-3.889990624398222,0.0,0.17364817766692997,-0.9848077530122081
144,front_shield,-1.0,1.3509795661363893,-3.711785852104339,0.0,0.34202014332566816,-0.9396926207859085
145,front_shield,-1.0,1.9750000000000005,-3.4208003449485327,0.0,0.5000000000000001,-0.8660254037844386
146,front_shield,-1.0,2.5390110582618304,-3.025875550319964,0.0,0.6427876096865393,-0.7660444431189781
147,front_shield,-1.0,3.0258755503199626,-2.5390110582618313,0.0,0.7660444431189778,-0.6427876096865396
148,front_shield,-1.0,3.420800344948532,-1.9750000000000019,0.0,0.8660254037844384,-0.5000000000000004
149,front_shield,-1.0,3.711785852104337,-1.3509795661363944,0.0,0.9396926207859081,-0.34202014332566943
150,front_shield,-1.0,3.889990624398222,-0.6859103017843751,0.0,0.984807753012208,-0.1736481776669304
151,front_shield,-1.5,3.95,0.0,0.0,1.0,0.0
152,front_shield,-1.5,3.889990624398222,0.6859103017843748,0.0,0.984807753012208,0.17364817766693033
153,front_shield,-1.5,3.7117858521043385,1.3509795661363915,0.0,0.9396926207859084,0.3420201433256687
154,front_shield,-1.5,3.420800344948533,1.9749999999999999,0.0,0.8660254037844387,0.49999999999999994
155,front_shield,-1.5,3.0258755503199635,2.5390110582618304,0.0,0.766044443118978,0.6427876096865393
156,front_shield,-1.5,2.5390110582618304,3.0258755503199635,0.0,0.6427876096865394,0.766044443118978
157,front_shield,-1.5,1.9750000000000005,3.4208003449485327,0.0,0.5000000000000001,0.8660254037844386
158,front_shield,-1.5,1.350979566136392,3.711785852104338,0.0,0.3420201433256688,0.9396926207859083
159,front_shield,-1.5,0.6859103017843752,3.889990624398222,0.0,0.17364817766693041,0.984807753012208
160,front_shield,-1.5,2.4186774283160225e-16,3.95,0.0,6.123233995736766e-17,1.0
161,front_shield,-1.5,-0.6859103017843747,3.889990624398222,0.0,-0.1736481776669303,0.984807753012208
162,front_shield,-1.5,-1.3509795661363915,3.7117858521043385,0.0,-0.3420201433256687,0.9396926207859084
163,front_shield,-1.5,-1.9749999999999992,3.420800344948533,0.0,-0.4999999999999998,0.8660254037844387
164,front_shield,-1.5,-2.5390110582618304,3.0258755503199635,0.0,-0.6427876096865394,0.766044443118978
165,front_shield,-1.5,-3.025875550319963,2.539011058261831,0.0,-0.7660444431189779,0.6427876096865395
166,front_shield,-1.5,-3.420800344948533,1.9749999999999999,0.0,-0.8660254037844387,0.49999999999999994
167,front_shield,-1.5,-3.711785852104338,1.3509795661363921,0.0,-0.9396926207859083,0.3420201433256689
168,front_shield,-1.5,-3.889990624398222,0.6859103017843763,0.0,-0.984807753012208,0.1736481776669307
169,front_shield,-1.5,-3.95,4.837354856632045e-16,0.0,-1.0,1.2246467991473532e-16
170,front_shield,-1.5,-3.889990624398222,-0.6859103017843736,0.0,-0.9848077530122081,-0.17364817766693003
171,front_shield,-1.5,-3.7117858521043385,-1.3509795661363913,0.0,-0.9396926207859084,-0.34202014332566866
172,front_shield,-1.5,-3.4208003449485336,-1.974999999999999,0.0,-0.8660254037844388,-0.4999999999999997
173,front_shield,-1.5,-3.0258755503199635,-2.5390110582618304,0.0,-0.766044443118978,-0.6427876096865393
174,front_shield,-1.5,-2.539011058261831,-3.025875550319963,0.0,-0.6427876096865395,-0.7660444431189779
175,front_shield,-1.5,-1.9750000000000019,-3.420800344948532,0.0,-0.5000000000000004,-0.8660254037844384
176,front_shield,-1.5,-1.3509795661363941,-3.7117858521043376,0.0,-0.3420201433256694,-0.9396926207859082
177,front_shield,-1.5,-0.6859103017843748,-3.889990624398222,0.0,-0.17364817766693033,-0.984807753012208
178,front_shield,-1.5,-7.256032284948068e-16,-3.95,0.0,-1.8369701987210297e-16,-1.0
179,front_shield,-1.5,0.6859103017843734,-3.889990624398222,0.0,0.17364817766692997,-0.9848077530122081
180,front_shield,-1.5,1.3509795661363893,-3.711785852104339,0.0,0.34202014332566816,-0.9396926207859085
181,front_shield,-1.5,1.9750000000000005,-3.4208003449485327,0.0,0.5000000000000001,-0.8660254037844386
182,front_shield,-1.5,2.5390110582618304,-3.025875550319964,0.0,0.6427876096865393,-0.7660444431189781
183,front_shield,-1.5,3.0258755503199626,-2.5390110582618313,0.0,0.7660444431189778,-0.6427876096865396
184,front_shield,-1.5,3.420800344948532,-1.9750000000000019,0.0,0.8660254037844384,-0.5000000000000004
185,front_shield,-1.5,3.711785852104337,-1.3509795661363944,0.0,0.9396926207859081,-0.34202014332566943
186,front_shield,-1.5,3.889990624398222,-0.6859103017843751,0.0,0.984807753012208,-0.1736481776669304
187,front_shield,-2.0,3.95,0.0,0.0,1.0,0.0
188,front_shield,-2.0,3.889990624398222,0.6859103017843748,0.0,0.984807753012208,0.17364817766693033
189,front_shield,-2.0,3.7117858521043385,1.3509795661363915,0.0,0.9396926207859084,0.3420201433256687
190,front_shield,-2.0,3.420800344948533,1.9749999999999999,0.0,0.8660254037844387,0.49999999999999994
191,front_shield,-2.0,3.0258755503199635,2.5390110582618304,0.0,0.766044443118978,0.6427876096865393
192,front_shield,-2.0,2.5390110582618304,3.0258755503199635,0.0,0.6427876096865394,0.766044443118978
193,front_shield,-2.0,1.9750000000000005,3.4208003449485327,0.0,0.5000000000000001,0.8660254037844386
194,front_shield,-2.0,1.350979566136392,3.711785852104338,0.0,0.3420201433256688,0.9396926207859083
195,front_shield,-2.0,0.6859103017843752,3.889990624398222,0.0,0.17364817766693041,0.984807753012208
196,front_shield,-2.0,2.4186774283160225e-16,3.95,0.0,6.123233995736766e-17,1.0
197,front_shield,-2.0,-0.6859103017843747,3.889990624398222,0.0,-0.1736481776669303,0.984807753012208
198,front_shield,-2.0,-1.3509795661363915,3.7117858521043385,0.0,-0.3420201433256687,0.9396926207859084
199,front_shield,-2.0,-1.9749999999999992,3.420800344948533,0.0,-0.4999999999999998,0.8660254037844387
200,front_shield,-2.0,-2.5390110582618304,3.0258755503199635,0.0,-0.6427876096865394,0.766044443118978
201,front_shield,-2.0,-3.025875550319963,2.539011058261831,0.0,-0.7660444431189779,0.6427876096865395
202,front_shield,-2.0,-3.420800344948533,1.9749999999999999,0.0,-0.8660254037844387,0.49999999999999994
203,front_shield,-2.0,-3.711785852104338,1.3509795661363921,0.0,-0.9396926207859083,0.3420201433256689
204,front_shield,-2.0,-3.889990624398222,0.6859103017843763,0.0,-0.984807753012208,0.1736481776669307
205,front_shield,-2.0,-3.95,4.837354856632045e-16,0.0,-1.0,1.2246467991473532e-16
206,front_shield,-2.0,-3.889990624398222,-0.6859103017843736,0.0,-0.9848077530122081,-0.17364817766693003
207,front_shield,-2.0,-3.7117858521043385,-1.3509795661363913,0.0,-0.9396926207859084,-0.34202014332566866
208,front_shield,-2.0,-3.4208003449485336,-1.974999999999999,0.0,-0.8660254037844388,-0.4999999999999997
209,front_shield,-2.0,-3.0258755503199635,-2.5390110582618304,0.0,-0.766044443118978,-0.6427876096865393
210,front_shield,-2.0,-2.539011058261831,-3.025875550319963,0.0,-0.6427876096865395,-0.7660444431189779
211,front_shield,-2.0,-1.9750000000000019,-3.420800344948532,0.0,-0.5000000000000004,-0.8660254037844384
212,front_shield,-2.0,-1.3509795661363941,-3.7117858521043376,0.0,-0.3420201433256694,-0.9396926207859082
213,front_shield,-2.0,-0.6859103017843748,-3.889990624398222,0.0,-0.17364817766693033,-0.984807753012208
214,front_shield,-2.0,-7.256032284948068e-16,-3.95,0.0,-1.8369701987210297e-16,-1.0
215,front_shield,-2.0,0.6859103017843734,-3.889990624398222,0.0,0.17364817766692997,-0.9848077530122081
216,front_shield,-2.0,1.3509795661363893,-3.711785852104339,0.0,0.34202014332566816,-0.9396926207859085
217,front_shield,-2.0,1.9750000000000005,-3.4208003449485327,0.0,0.5000000000000001,-0.8660254037844386
218,front_shield,-2.0,2.5390110582618304,-3.025875550319964,0.0,0.6427876096865393,-0.7660444431189781
219,front_shield,-2.0,3.0258755503199626,-2.5390110582618313,0.0,0.7660444431189778,-0.6427876096865396
220,front_shield,-2.0,3.420800344948532,-1.9750000000000019,0.0,0.8660254037844384,-0.5000000000000004
221,front_shield,-2.0,3.711785852104337,-1.3509795661363944,0.0,0.9396926207859081,-0.34202014332566943
222,front_shield,-2.0,3.889990624398222,-0.6859103017843751,0.0,0.984807753012208,-0.1736481776669304
223,front_shield,-2.5,3.95,0.0,0.0,1.0,0.0
224,front_shield,-2.5,3.889990624398222,0.6859103017843748,0.0,0.984807753012208,0.17364817766693033
225,front_shield,-2.5,3.7117858521043385,1.3509795661363915,0.0,0.9396926207859084,0.3420201433256687
226,front_shield,-2.5,3.420800344948533,1.9749999999999999,0.0,0.8660254037844387,0.49999999999999994
227,front_shield,-2.5,3.0258755503199635,2.5390110582618304,0.0,0.766044443118978,0.6427876096865393
228,front_shield,-2.5,2.5390110582618304,3.0258755503199635,0.0,0.6427876096865394,0.766044443118978
229,front_shield,-2.5,1.9750000000000005,3.4208003449485327,0.0,0.5000000000000001,0.8660254037844386
230,front_shield,-2.5,1.350979566136392,3.711785852104338,0.0,0.3420201433256688,0.9396926207859083
231,front_shield,-2.5,0.6859103017843752,3.889990624398222,0.0,0.17364817766693041,0.984807753012208
232,front_shield,-2.5,2.4186774283160225e-16,3.95,0.0,6.123233995736766e-17,1.0
233,front_shield,-2.5,-0.6859103017843747,3.889990624398222,0.0,-0.1736481776669303,0.984807753012208
234,front_shield,-2.5,-1.3509795661363915,3.7117858521043385,0.0,-0.3420201433256687,0.9396926207859084
235,front_shield,-2.5,-1.9749999999999992,3.420800344948533,0.0,-0.4999999999999998,0.8660254037844387
236,front_shield,-2.5,-2.5390110582618304,3.0258755503199635,0.0,-0.6427876096865394,0.766044443118978
237,front_shield,-2.5,-3.025875550319963,2.539011058261831,0.0,-0.7660444431189779,0.6427876096865395
238,front_shield,-2.5,-3.420800344948533,1.9749999999999999,0.0,-0.8660254037844387,0.49999999999999994
239,front_shield,-2.5,-3.711785852104338,1.3509795661363921,0.0,-0.9396926207859083,0.3420201433256689
240,front_shield,-2.5,-3.889990624398222,0.6859103017843763,0.0,-0.984807753012208,0.1736481776669307
241,front_shield,-2.5,-3.95,4.837354856632045e-16,0.0,-1.0,1.2246467991473532e-16
242,front_shield,-2.5,-3.889990624398222,-0.6859103017843736,0.0,-0.9848077530122081,-0.17364817766693003
243,front_shield,-2.5,-3.7117858521043385,-1.3509795661363913,0.0,-0.9396926207859084,-0.34202014332566866
244,front_shield,-2.5,-3.4208003449485336,-1.974999999999999,0.0,-0.8660254037844388,-0.4999999999999997
245,front_shield,-2.5,-3.0258755503199635,-2.5390110582618304,0.0,-0.766044443118978,-0.6427876096865393
246,front_shield,-2.5,-2.539011058261831,-3.025875550319963,0.0,-0.6427876096865395,-0.7660444431189779
247,front_shield,-2.5,-1.9750000000000019,-3.420800344948532,0.0,-0.5000000000000004,-0.8660254037844384
248,front_shield,-2.5,-1.3509795661363941,-3.7117858521043376,0.0,-0.3420201433256694,-0.9396926207859082
249,front_shield,-2.5,-0.6859103017843748,-3.889990624398222,0.0,-0.17364817766693033,-0.984807753012208
250,front_shield,-2.5,-7.256032284948068e-16,-3.95,0.0,-1.8369701987210297e-16,-1.0
251,front_shield,-2.5,0.6859103017843734,-3.889990624398222,0.0,0.17364817766692997,-0.9848077530122081
252,front_shield,-2.5,1.3509795661363893,-3.711785852104339,0.0,0.34202014332566816,-0.9396926207859085
253,front_shield,-2.5,1.9750000000000005,-3.4208003449485327,0.0,0.5000000000000001,-0.8660254037844386
254,front_shield,-2.5,2.5390110582618304,-3.025875550319964,0.0,0.6427876096865393,-0.7660444431189781
255,front_shield,-2.5,3.0258755503199626,-2.5390110582618313,0.0,0.7660444431189778,-0.6427876096865396
256,front_shield,-2.5,3.420800344948532,-1.9750000000000019,0.0,0.8660254037844384,-0.5000000000000004
257,front_shield,-2.5,3.711785852104337,-1.3509795661363944,0.0,0.9396926207859081,-0.34202014332566943
258,front_shield,-2.5,3.889990624398222,-0.6859103017843751,0.0,0.984807753012208,-0.1736481776669304
259,front_shield,-3.0,3.95,0.0,0.0,1.0,0.0
260,front_shield,-3.0,3.889990624398222,0.6859103017843748,0.0,0.984807753012208,0.17364817766693033
261,front_shield,-3.0,3.7117858521043385,1.3509795661363915,0.0,0.9396926207859084,0.3420201433256687
262,front_shield,-3.0,3.420800344948533,1.9749999999999999,0.0,0.8660254037844387,0.49999999999999994
263,front_shield,-3.0,3.0258755503199635,2.5390110582618304,0.0,0.766044443118978,0.6427876096865393
264,front_shield,-3.0,2.5390110582618304,3.0258755503199635,0.0,0.6427876096865394,0.766044443118978
265,front_shield,-3.0,1.9750000000000005,3.4208003449485327,0.0,0.5000000000000001,0.8660254037844386
266,front_shield,-3.0,1.350979566136392,3.711785852104338,0.0,0.3420201433256688,0.9396926207859083
267,front_shield,-3.0,0.6859103017843752,3.889990624398222,0.0,0.17364817766693041,0.984807753012208
268,front_shield,-3.0,2.4186774283160225e-16,3.95,0.0,6.123233995736766e-17,1.0
269,front_shield,-3.0,-0.6859103017843747,3.889990624398222,0.0,-0.1736481776669303,0.984807753012208
270,front_shield,-3.0,-1.3509795661363915,3.7117858521043385,0.0,-0.3420201433256687,0.9396926207859084
271,front_shield,-3.0,-1.9749999999999992,3.420800344948533,0.0,-0.4999999999999998,0.8660254037844387
272,front_shield,-3.0,-2.5390110582618304,3.0258755503199635,0.0,-0.6427876096865394,0.766044443118978
273,front_shield,-3.0,-3.025875550319963,2.539011058261831,0.0,-0.7660444431189779,0.6427876096865395
274,front_shield,-3.0,-3.420800344948533,1.9749999999999999,0.0,-0.8660254037844387,0.49999999999999994
275,front_shield,-3.0,-3.711785852104338,1.3509795661363921,0.0,-0.9396926207859083,0.3420201433256689
276,front_shield,-3.0,-3.889990624398222,0.6859103017843763,0.0,-0.984807753012208,0.1736481776669307
277,front_shield,-3.0,-3.95,4.837354856632045e-16,0.0,-1.0,1.2246467991473532e-16
278,front_shield,-3.0,-3.889990624398222,-0.6859103017843736,0.0,-0.9848077530122081,-0.17364817766693003
279,front_shield,-3.0,-3.7117858521043385,-1.3509795661363913,0.0,-0.9396926207859084,-0.34202014332566866
280,front_shield,-3.0,-3.4208003449485336,-1.974999999999999,0.0,-0.8660254037844388,-0.4999999999999997
281,front_shield,-3.0,-3.0258755503199635,-2.5390110582618304,0.0,-0.766044443118978,-0.6427876096865393
282,front_shield,-3.0,-2.539011058261831,-3.025875550319963,0.0,-0.6427876096865395,-0.7660444431189779
283,front_shield,-3.0,-1.9750000000000019,-3.420800344948532,0.0,-0.5000000000000004,-0.8660254037844384
284,front_shield,-3.0,-1.3509795661363941,-3.7117858521043376,0.0,-0.3420201433256694,-0.9396926207859082
285,front_shield,-3.0,-0.6859103017843748,-3.889990624398222,0.0,-0.17364817766693033,-0.984807753012208
286,front_shield,-3.0,-7.256032284948068e-16,-3.95,0.0,-1.8369701987210297e-16,-1.0
287,front_shield,-3.0,0.6859103017843734,-3.889990624398222,0.0,0.17364817766692997,-0.9848077530122081
288,front_shield,-3.0,1.3509795661363893,-3.711785852104339,0.0,0.34202014332566816,-0.9396926207859085
289,front_shield,-3.0,1.9750000000000005,-3.4208003449485327,0.0,0.5000000000000001,-0.8660254037844386
290,front_shield,-3.0,2.5390110582618304,-3.025875550319964,0.0,0.6427876096865393,-0.7660444431189781
291,front_shield,-3.0,3.0258755503199626,-2.5390110582618313,0.0,0.7660444431189778,-0.6427876096865396
292,front_shield,-3.0,3.420800344948532,-1.9750000000000019,0.0,0.8660254037844384,-0.5000000000000004
293,front_shield,-3.0,3.711785852104337,-1.3509795661363944,0.0,0.9396926207859081,-0.34202014332566943
294,front_shield,-3.0,3.889990624398222,-0.6859103017843751,0.0,0.984807753012208,-0.1736481776669304
295,middle_shield,-3.5,3.95,0.0,0.0,1.0,0.0
296,middle_shield,-3.5,3.889990624398222,0.6859103017843748,0.0,0.984807753012208,0.17364817766693033
297,middle_shield,-3.5,3.7117858521043385,1.3509795661363915,0.0,0.9396926207859084,0.3420201433256687
298,middle_shield,-3.5,3.420800344948533,1.9749999999999999,0.0,0.8660254037844387,0.49999999999999994
299,middle_shield,-3.5,3.0258755503199635,2.5390110582618304,0.0,0.766044443118978,0.6427876096865393
300,middle_shield,-3.5,2.5390110582618304,3.0258755503199635,0.0,0.6427876096865394,0.766044443118978
301,middle_shield,-3.5,1.9750000000000005,3.4208003449485327,0.0,0.5000000000000001,0.8660254037844386
302,middle_shield,-3.5,1.350979566136392,3.711785852104338,0.0,0.3420201433256688,0.9396926207859083
303,middle_shield,-3.5,0.6859103017843752,3.889990624398222,0.0,0.17364817766693041,0.984807753012208
304,middle_shield,-3.5,2.4186774283160225e-16,3.95,0.0,6.123233995736766e-17,1.0
305,middle_shield,-3.5,-0.6859103017843747,3.889990624398222,0.0,-0.1736481776669303,0.984807753012208
306,middle_shield,-3.5,-1.3509795661363915,3.7117858521043385,0.0,-0.3420201433256687,0.9396926207859084
307,middle_shield,-3.5,-1.9749999999999992,3.420800344948533,0.0,-0.4999999999999998,0.8660254037844387
308,middle_shield,-3.5,-2.5390110582618304,3.0258755503199635,0.0,-0.6427876096865394,0.766044443118978
309,middle_shield,-3.5,-3.025875550319963,2.539011058261831,0.0,-0.7660444431189779,0.6427876096865395
310,middle_shield,-3.5,-3.420800344948533,1.9749999999999999,0.0,-0.8660254037844387,0.49999999999999994
311,middle_shield,-3.5,-3.711785852104338,1.3509795661363921,0.0,-0.9396926207859083,0.3420201433256689
312,middle_shield,-3.5,-3.889990624398222,0.6859103017843763,0.0,-0.984807753012208,0.1736481776669307
313,middle_shield,-3.5,-3.95,4.837354856632045e-16,0.0,-1.0,1.2246467991473532e-16
314,middle_shield,-3.5,-3.889990624398222,-0.6859103017843736,0.0,-0.9848077530122081,-0.17364817766693003
315,middle_shield,-3.5,-3.7117858521043385,-1.3509795661363913,0.0,-0.9396926207859084,-0.34202014332566866
316,middle_shield,-3.5,-3.4208003449485336,-1.974999999999999,0.0,-0.8660254037844388,-0.4999999999999997
317,middle_shield,-3.5,-3.0258755503199635,-2.5390110582618304,0.0,-0.766044443118978,-0.6427876096865393
318,middle_shield,-3.5,-2.539011058261831,-3.025875550319963,0.0,-0.6427876096865395,-0.7660444431189779
319,middle_shield,-3.5,-1.9750000000000019,-3.420800344948532,0.0,-0.5000000000000004,-0.8660254037844384
320,middle_shield,-3.5,-1.3509795661363941,-3.7117858521043376,0.0,-0.3420201433256694,-0.9396926207859082
321,middle_shield,-3.5,-0.6859103017843748,-3.889990624398222,0.0,-0.17364817766693033,-0.984807753012208
322,middle_shield,-3.5,-7.256032284948068e-16,-3.95,0.0,-1.8369701987210297e-16,-1.0
323,middle_shield,-3.5,0.6859103017843734,-3.889990624398222,0.0,0.17364817766692997,-0.9848077530122081
324,middle_shield,-3.5,1.3509795661363893,-3.711785852104339,0.0,0.34202014332566816,-0.9396926207859085
325,middle_shield,-3.5,1.9750000000000005,-3.4208003449485327,0.0,0.5000000000000001,-0.8660254037844386
326,middle_shield,-3.5,2.5390110582618304,-3.025875550319964,0.0,0.6427876096865393,-0.7660444431189781
327,middle_shield,-3.5,3.0258755503199626,-2.5390110582618313,0.0,0.7660444431189778,-0.6427876096865396
328,middle_shield,-3.5,3.420800344948532,-1.9750000000000019,0.0,0.8660254037844384,-0.5000000000000004
329,middle_shield,-3.5,3.711785852104337,-1.3509795661363944,0.0,0.9396926207859081,-0.34202014332566943
330,middle_shield,-3.5,3.889990624398222,-0.6859103017843751,0.0,0.984807753012208,-0.1736481776669304
331,middle_shield,-4.0,3.95,0.0,0.0,1.0,0.0
332,middle_shield,-4.0,3.889990624398222,0.6859103017843748,0.0,0.984807753012208,0.17364817766693033
333,middle_shield,-4.0,3.7117858521043385,1.3509795661363915,0.0,0.9396926207859084,0.3420201433256687
334,middle_shield,-4.0,3.420800344948533,1.9749999999999999,0.0,0.8660254037844387,0.49999999999999994
335,middle_shield,-4.0,3.0258755503199635,2.5390110582618304,0.0,0.766044443118978,0.6427876096865393
336,middle_shield,-4.0,2.5390110582618304,3.0258755503199635,0.0,0.6427876096865394,0.766044443118978
337,middle_shield,-4.0,1.9750000000000005,3.4208003449485327,0.0,0.5000000000000001,0.8660254037844386
338,middle_shield,-4.0,1.350979566136392,3.711785852104338,0.0,0.3420201433256688,0.9396926207859083
339,middle_shield,-4.0,0.6859103017843752,3.889990624398222,0.0,0.17364817766693041,0.984807753012208
340,middle_shield,-4.0,2.4186774283160225e-16,3.95,0.0,6.123233995736766e-17,1.0
341,middle_shield,-4.0,-0.6859103017843747,3.889990624398222,0.0,-0.1736481776669303,0.984807753012208
342,middle_shield,-4.0,-1.3509795661363915,3.7117858521043385,0.0,-0.3420201433256687,0.9396926207859084
343,middle_shield,-4.0,-1.9749999999999992,3.420800344948533,0.0,-0.4999999999999998,0.8660254037844387
344,middle_shield,-4.0,-2.5390110582618304,3.0258755503199635,0.0,-0.6427876096865394,0.766044443118978
345,middle_shield,-4.0,-3.025875550319963,2.539011058261831,0.0,-0.7660444431189779,0.6427876096865395
346,middle_shield,-4.0,-3.420800344948533,1.9749999999999999,0.0,-0.8660254037844387,0.49999999999999994
347,middle_shield,-4.0,-3.711785852104338,1.3509795661363921,0.0,-0.9396926207859083,0.3420201433256689
348,middle_shield,-4.0,-3.889990624398222,0.6859103017843763,0.0,-0.984807753012208,0.1736481776669307
349,middle_shield,-4.0,-3.95,4.837354856632045e-16,0.0,-1.0,1.2246467991473532e-16
350,middle_shield,-4.0,-3.889990624398222,-0.6859103017843736,0.0,-0.9848077530122081,-0.17364817766693003
351,middle_shield,-4.0,-3.7117858521043385,-1.3509795661363913,0.0,-0.9396926207859084,-0.34202014332566866
352,middle_shield,-4.0,-3.4208003449485336,-1.974999999999999,0.0,-0.8660254037844388,-0.4999999999999997
353,middle_shield,-4.0,-3.0258755503199635,-2.5390110582618304,0.0,-0.766044443118978,-0.6427876096865393
354,middle_shield,-4.0,-2.539011058261831,-3.025875550319963,0.0,-0.6427876096865395,-0.7660444431189779
355,middle_shield,-4.0,-1.9750000000000019,-3.420800344948532,0.0,-0.5000000000000004,-0.8660254037844384
356,middle_shield,-4.0,-1.3509795661363941,-3.7117858521043376,0.0,-0.3420201433256694,-0.9396926207859082
357,middle_shield,-4.0,-0.6859103017843748,-3.889990624398222,0.0,-0.17364817766693033,-0.984807753012208
358,middle_shield,-4.0,-7.256032284948068e-16,-3.95,0.0,-1.8369701987210297e-16,-1.0
359,middle_shield,-4.0,0.6859103017843734,-3.889990624398222,0.0,0.17364817766692997,-0.9848077530122081
360,middle_shield,-4.0,1.3509795661363893,-3.711785852104339,0.0,0.34202014332566816,-0.9396926207859085
361,middle_shield,-4.0,1.9750000000000005,-3.4208003449485327,0.0,0.5000000000000001,-0.8660254037844386
362,middle_shield,-4.0,2.5390110582618304,-3.025875550319964,0.0,0.6427876096865393,-0.7660444431189781
363,middle_shield,-4.0,3.0258755503199626,-2.5390110582618313,0.0,0.7660444431189778,-0.6427876096865396
364,middle_shield,-4.0,3.420800344948532,-1.9750000000000019,0.0,0.8660254037844384,-0.5000000000000004
365,middle_shield,-4.0,3.711785852104337,-1.3509795661363944,0.0,0.9396926207859081,-0.34202014332566943
366,middle_shield,-4.0,3.889990624398222,-0.6859103017843751,0.0,0.984807753012208,-0.1736481776669304
367,middle_shield,-4.5,3.95,0.0,0.0,1.0,0.0
368,middle_shield,-4.5,3.889990624398222,0.6859103017843748,0.0,0.984807753012208,0.17364817766693033
369,middle_shield,-4.5,3.7117858521043385,1.3509795661363915,0.0,0.9396926207859084,0.3420201433256687
370,middle_shield,-4.5,3.420800344948533,1.9749999999999999,0.0,0.8660254037844387,0.49999999999999994
371,middle_shield,-4.5,3.0258755503199635,2.5390110582618304,0.0,0.766044443118978,0.6427876096865393
372,middle_shield,-4.5,2.5390110582618304,3.0258755503199635,0.0,0.6427876096865394,0.766044443118978
373,middle_shield,-4.5,1.9750000000000005,3.4208003449485327,0.0,0.5000000000000001,0.8660254037844386
374,middle_shield,-4.5,1.350979566136392,3.711785852104338,0.0,0.3420201433256688,0.9396926207859083
375,middle_shield,-4.5,0.6859103017843752,3.889990624398222,0.0,0.17364817766693041,0.984807753012208
376,middle_shield,-4.5,2.4186774283160225e-16,3.95,0.0,6.123233995736766e-17,1.0
377,middle_shield,-4.5,-0.6859103017843747,3.889990624398222,0.0,-0.1736481776669303,0.984807753012208
378,middle_shield,-4.5,-1.3509795661363915,3.7117858521043385,0.0,-0.3420201433256687,0.9396926207859084
379,middle_shield,-4.5,-1.9749999999999992,3.420800344948533,0.0,-0.4999999999999998,0.8660254037844387
380,middle_shield,-4.5,-2.5390110582618304,3.0258755503199635,0.0,-0.6427876096865394,0.766044443118978
381,middle_shield,-4.5,-3.025875550319963,2.539011058261831,0.0,-0.7660444431189779,0.6427876096865395
382,middle_shield,-4.5,-3.420800344948533,1.9749999999999999,0.0,-0.8660254037844387,0.49999999999999994
383,middle_shield,-4.5,-3.711785852104338,1.3509795661363921,0.0,-0.9396926207859083,0.3420201433256689
384,middle_shield,-4.5,-3.889990624398222,0.6859103017843763,0.0,-0.984807753012208,0.1736481776669307
385,middle_shield,-4.5,-3.95,4.837354856632045e-16,0.0,-1.0,1.2246467991473532e-16
386,middle_shield,-4.5,-3.889990624398222,-0.6859103017843736,0.0,-0.9848077530122081,-0.17364817766693003
387,middle_shield,-4.5,-3.7117858521043385,-1.3509795661363913,0.0,-0.9396926207859084,-0.34202014332566866
388,middle_shield,-4.5,-3.4208003449485336,-1.974999999999999,0.0,-0.8660254037844388,-0.4999999999999997
389,middle_shield,-4.5,-3.0258755503199635,-2.5390110582618304,0.0,-0.766044443118978,-0.6427876096865393
390,middle_shield,-4.5,-2.539011058261831,-3.025875550319963,0.0,-0.6427876096865395,-0.7660444431189779
391,middle_shield,-4.5,-1.9750000000000019,-3.420800344948532,0.0,-0.5000000000000004,-0.8660254037844384
392,middle_shield,-4.5,-1.3509795661363941,-3.7117858521043376,0.0,-0.3420201433256694,-0.9396926207859082
393,middle_shield,-4.5,-0.6859103017843748,-3.889990624398222,0.0,-0.17364817766693033,-0.984807753012208
394,middle_shield,-4.5,-7.256032284948068e-16,-3.95,0.0,-1.8369701987210297e-16,-1.0
395,middle_shield,-4.5,0.6859103017843734,-3.889990624398222,0.0,0.17364817766692997,-0.9848077530122081
396,middle_shield,-4.5,1.3509795661363893,-3.711785852104339,0.0,0.34202014332566816,-0.9396926207859085
397,middle_shield,-4.5,1.9750000000000005,-3.4208003449485327,0.0,0.5000000000000001,-0.8660254037844386
398,middle_shield,-4.5,2.5390110582618304,-3.025875550319964,0.0,0.6427876096865393,-0.7660444431189781
399,middle_shield,-4.5,3.0258755503199626,-2.5390110582618313,0.0,0.7660444431189778,-0.6427876096865396
400,middle_shield,-4.5,3.420800344948532,-1.9750000000000019,0.0,0.8660254037844384,-0.5000000000000004
401,middle_shield,-4.5,3.711785852104337,-1.3509795661363944,0.0,0.9396926207859081,-0.34202014332566943
402,middle_shield,-4.5,3.889990624398222,-0.6859103017843751,0.0,0.984807753012208,-0.1736481776669304
403,middle_shield,-5.0,3.95,0.0,0.0,1.0,0.0
404,middle_shield,-5.0,3.889990624398222,0.6859103017843748,0.0,0.984807753012208,0.17364817766693033
405,middle_shield,-5.0,3.7117858521043385,1.3509795661363915,0.0,0.9396926207859084,0.3420201433256687
406,middle_shield,-5.0,3.420800344948533,1.9749999999999999,0.0,0.8660254037844387,0.49999999999999994
407,middle_shield,-5.0,3.0258755503199635,2.5390110582618304,0.0,0.766044443118978,0.6427876096865393
408,middle_shield,-5.0,2.5390110582618304,3.0258755503199635,0.0,0.6427876096865394,0.766044443118978
409,middle_shield,-5.0,1.9750000000000005,3.4208003449485327,0.0,0.5000000000000001,0.8660254037844386
410,middle_shield,-5.0,1.350979566136392,3.711785852104338,0.0,0.3420201433256688,0.9396926207859083
411,middle_shield,-5.0,0.6859103017843752,3.889990624398222,0.0,0.17364817766693041,0.984807753012208
412,middle_shield,-5.0,2.4186774283160225e-16,3.95,0.0,6.123233995736766e-17,1.0
413,middle_shield,-5.0,-0.6859103017843747,3.889990624398222,0.0,-0.1736481776669303,0.984807753012208
414,middle_shield,-5.0,-1.3509795661363915,3.7117858521043385,0.0,-0.3420201433256687,0.9396926207859084
415,middle_shield,-5.0,-1.9749999999999992,3.420800344948533,0.0,-0.4999999999999998,0.8660254037844387
416,middle_shield,-5.0,-2.5390110582618304,3.0258755503199635,0.0,-0.6427876096865394,0.766044443118978
417,middle_shield,-5.0,-3.025875550319963,2.539011058261831,0.0,-0.7660444431189779,0.6427876096865395
418,middle_shield,-5.0,-3.420800344948533,1.9749999999999999,0.0,-0.8660254037844387,0.49999999999999994
419,middle_shield,-5.0,-3.711785852104338,1.3509795661363921,0.0,-0.9396926207859083,0.3420201433256689
420,middle_shield,-5.0,-3.889990624398222,0.6859103017843763,0.0,-0.984807753012208,0.1736481776669307
421,middle_shield,-5.0,-3.95,4.837354856632045e-16,0.0,-1.0,1.2246467991473532e-16
422,middle_shield,-5.0,-3.889990624398222,-0.6859103017843736,0.0,-0.9848077530122081,-0.17364817766693003
423,middle_shield,-5.0,-3.7117858521043385,-1.3509795661363913,0.0,-0.9396926207859084,-0.34202014332566866
424,middle_shield,-5.0,-3.4208003449485336,-1.974999999999999,0.0,-0.8660254037844388,-0.4999999999999997
425,middle_shield,-5.0,-3.0258755503199635,-2.5390110582618304,0.0,-0.766044443118978,-0.6427876096865393
426,middle_shield,-5.0,-2.539011058261831,-3.025875550319963,0.0,-0.6427876096865395,-0.7660444431189779
427,middle_shield,-5.0,-1.9750000000000019,-3.420800344948532,0.0,-0.5000000000000004,-0.8660254037844384
428,middle_shield,-5.0,-1.3509795661363941,-3.7117858521043376,0.0,-0.3420201433256694,-0.9396926207859082
429,middle_shield,-5.0,-0.6859103017843748,-3.889990624398222,0.0,-0.17364817766693033,-0.984807753012208
430,middle_shield,-5.0,-7.256032284948068e-16,-3.95,0.0,-1.8369701987210297e-16,-1.0
431,middle_shield,-5.0,0.6859103017843734,-3.889990624398222,0.0,0.17364817766692997,-0.9848077530122081
432,middle_shield,-5.0,1.3509795661363893,-3.711785852104339,0.0,0.34202014332566816,-0.9396926207859085
433,middle_shield,-5.0,1.9750000000000005,-3.4208003449485327,0.0,0.5000000000000001,-0.8660254037844386
434,middle_shield,-5.0,2.5390110582618304,-3.025875550319964,0.0,0.6427876096865393,-0.7660444431189781
435,middle_shield,-5.0,3.0258755503199626,-2.5390110582618313,0.0,0.7660444431189778,-0.6427876096865396
436,middle_shield,-5.0,3.420800344948532,-1.9750000000000019,0.0,0.8660254037844384,-0.5000000000000004
437,middle_shield,-5.0,3.711785852104337,-1.3509795661363944,0.0,0.9396926207859081,-0.34202014332566943
438,middle_shield,-5.0,3.889990624398222,-0.6859103017843751,0.0,0.984807753012208,-0.1736481776669304
439,middle_shield,-5.5,3.95,0.0,0.0,1.0,0.0
440,middle_shield,-5.5,3.889990624398222,0.6859103017843748,0.0,0.984807753012208,0.17364817766693033
441,middle_shield,-5.5,3.7117858521043385,1.3509795661363915,0.0,0.9396926207859084,0.3420201433256687
442,middle_shield,-5.5,3.420800344948533,1.9749999999999999,0.0,0.8660254037844387,0.49999999999999994
443,middle_shield,-5.5,3.0258755503199635,2.5390110582618304,0.0,0.766044443118978,0.6427876096865393
444,middle_shield,-5.5,2.5390110582618304,3.0258755503199635,0.0,0.6427876096865394,0.766044443118978
445,middle_shield,-5.5,1.9750000000000005,3.4208003449485327,0.0,0.5000000000000001,0.8660254037844386
446,middle_shield,-5.5,1.350979566136392,3.711785852104338,0.0,0.3420201433256688,0.9396926207859083
447,middle_shield,-5.5,0.6859103017843752,3.889990624398222,0.0,0.17364817766693041,0.984807753012208
448,middle_shield,-5.5,2.4186774283160225e-16,3.95,0.0,6.123233995736766e-17,1.0
449,middle_shield,-5.5,-0.6859103017843747,3.889990624398222,0.0,-0.1736481776669303,0.984807753012208
450,middle_shield,-5.5,-1.3509795661363915,3.7117858521043385,0.0,-0.3420201433256687,0.9396926207859084
451,middle_shield,-5.5,-1.9749999999999992,3.420800344948533,0.0,-0.4999999999999998,0.8660254037844387
452,middle_shield,-5.5,-2.5390110582618304,3.0258755503199635,0.0,-0.6427876096865394,0.766044443118978
453,middle_shield,-5.5,-3.025875550319963,2.539011058261831,0.0,-0.7660444431189779,0.6427876096865395
454,middle_shield,-5.5,-3.420800344948533,1.9749999999999999,0.0,-0.8660254037844387,0.49999999999999994
455,middle_shield,-5.5,-3.711785852104338,1.3509795661363921,0.0,-0.9396926207859083,0.3420201433256689
456,middle_shield,-5.5,-3.889990624398222,0.6859103017843763,0.0,-0.984807753012208,0.1736481776669307
457,middle_shield,-5.5,-3.95,4.837354856632045e-16,0.0,-1.0,1.2246467991473532e-16
458,middle_shield,-5.5,-3.889990624398222,-0.6859103017843736,0.0,-0.9848077530122081,-0.17364817766693003
459,middle_shield,-5.5,-3.7117858521043385,-1.3509795661363913,0.0,-0.9396926207859084,-0.34202014332566866
460,middle_shield,-5.5,-3.4208003449485336,-1.974999999999999,0.0,-0.8660254037844388,-0.4999999999999997
461,middle_shield,-5.5,-3.0258755503199635,-2.5390110582618304,0.0,-0.766044443118978,-0.6427876096865393
462,middle_shield,-5.5,-2.539011058261831,-3.025875550319963,0.0,-0.6427876096865395,-0.7660444431189779
463,middle_shield,-5.5,-1.9750000000000019,-3.420800344948532,0.0,-0.5000000000000004,-0.8660254037844384
464,middle_shield,-5.5,-1.3509795661363941,-3.7117858521043376,0.0,-0.3420201433256694,-0.9396926207859082
465,middle_shield,-5.5,-0.6859103017843748,-3.889990624398222,0.0,-0.17364817766693033,-0.984807753012208
466,middle_shield,-5.5,-7.256032284948068e-16,-3.95,0.0,-1.8369701987210297e-16,-1.0
467,middle_shield,-5.5,0.6859103017843734,-3.889990624398222,0.0,0.17364817766692997,-0.9848077530122081
468,middle_shield,-5.5,1.3509795661363893,-3.711785852104339,0.0,0.34202014332566816,-0.9396926207859085
469,middle_shield,-5.5,1.9750000000000005,-3.4208003449485327,0.0,0.5000000000000001,-0.8660254037844386
470,middle_shield,-5.5,2.5390110582618304,-3.025875550319964,0.0,0.6427876096865393,-0.7660444431189781
471,middle_shield,-5.5,3.0258755503199626,-2.5390110582618313,0.0,0.7660444431189778,-0.6427876096865396
472,middle_shield,-5.5,3.420800344948532,-1.9750000000000019,0.0,0.8660254037844384,-0.5000000000000004
473,middle_shield,-5.5,3.711785852104337,-1.3509795661363944,0.0,0.9396926207859081,-0.34202014332566943
474,middle_shield,-5.5,3.889990624398222,-0.6859103017843751,0.0,0.984807753012208,-0.1736481776669304
475,middle_shield,-6.0,3.95,0.0,0.0,1.0,0.0
476,middle_shield,-6.0,3.889990624398222,0.6859103017843748,0.0,0.984807753012208,0.17364817766693033
477,middle_shield,-6.0,3.7117858521043385,1.3509795661363915,0.0,0.9396926207859084,0.3420201433256687
478,middle_shield,-6.0,3.420800344948533,1.9749999999999999,0.0,0.8660254037844387,0.49999999999999994
479,middle_shield,-6.0,3.0258755503199635,2.5390110582618304,0.0,0.766044443118978,0.6427876096865393
480,middle_shield,-6.0,2.5390110582618304,3.0258755503199635,0.0,0.6427876096865394,0.766044443118978
481,middle_shield,-6.0,1.9750000000000005,3.4208003449485327,0.0,0.5000000000000001,0.8660254037844386
482,middle_shield,-6.0,1.350979566136392,3.711785852104338,0.0,0.3420201433256688,0.9396926207859083
483,middle_shield,-6.0,0.6859103017843752,3.889990624398222,0.0,0.17364817766693041,0.984807753012208
484,middle_shield,-6.0,2.4186774283160225e-16,3.95,0.0,6.123233995736766e-17,1.0
485,middle_shield,-6.0,-0.6859103017843747,3.889990624398222,0.0,-0.1736481776669303,0.984807753012208
486,middle_shield,-6.0,-1.3509795661363915,3.7117858521043385,0.0,-0.3420201433256687,0.9396926207859084
487,middle_shield,-6.0,-1.9749999999999992,3.420800344948533,0.0,-0.4999999999999998,0.8660254037844387
488,middle_shield,-6.0,-2.5390110582618304,3.0258755503199635,0.0,-0.6427876096865394,0.766044443118978
489,middle_shield,-6.0,-3.025875550319963,2.539011058261831,0.0,-0.7660444431189779,0.6427876096865395
490,middle_shield,-6.0,-3.420800344948533,1.9749999999999999,0.0,-0.8660254037844387,0.49999999999999994
491,middle_shield,-6.0,-3.711785852104338,1.3509795661363921,0.0,-0.9396926207859083,0.3420201433256689
492,middle_shield,-6.0,-3.889990624398222,0.6859103017843763,0.0,-0.984807753012208,0.1736481776669307
493,middle_shield,-6.0,-3.95,4.837354856632045e-16,0.0,-1.0,1.2246467991473532e-16
494,middle_shield,-6.0,-3.889990624398222,-0.6859103017843736,0.0,-0.9848077530122081,-0.17364817766693003
495,middle_shield,-6.0,-3.7117858521043385,-1.3509795661363913,0.0,-0.9396926207859084,-0.34202014332566866
496,middle_shield,-6.0,-3.4208003449485336,-1.974999999999999,0.0,-0.8660254037844388,-0.4999999999999997
497,middle_shield,-6.0,-3.0258755503199635,-2.5390110582618304,0.0,-0.766044443118978,-0.6427876096865393
498,middle_shield,-6.0,-2.539011058261831,-3.025875550319963,0.0,-0.6427876096865395,-0.7660444431189779
499,middle_shield,-6.0,-1.9750000000000019,-3.420800344948532,0.0,-0.5000000000000004,-0.8660254037844384
500,middle_shield,-6.0,-1.3509795661363941,-3.7117858521043376,0.0,-0.3420201433256694,-0.9396926207859082
501,middle_shield,-6.0,-0.6859103017843748,-3.889990624398222,0.0,-0.17364817766693033,-0.984807753012208
502,middle_shield,-6.0,-7.256032284948068e-16,-3.95,0.0,-1.8369701987210297e-16,-1.0
503,middle_shield,-6.0,0.6859103017843734,-3.889990624398222,0.0,0.17364817766692997,-0.9848077530122081
504,middle_shield,-6.0,1.3509795661363893,-3.711785852104339,0.0,0.34202014332566816,-0.9396926207859085
505,middle_shield,-6.0,1.9750000000000005,-3.4208003449485327,0.0,0.5000000000000001,-0.8660254037844386
506,middle_shield,-6.0,2.5390110582618304,-3.025875550319964,0.0,0.6427876096865393,-0.7660444431189781
507,middle_shield,-6.0,3.0258755503199626,-2.5390110582618313,0.0,0.7660444431189778,-0.6427876096865396
508,middle_shield,-6.0,3.420800344948532,-1.9750000000000019,0.0,0.8660254037844384,-0.5000000000000004
509,middle_shield,-6.0,3.711785852104337,-1.3509795661363944,0.0,0.9396926207859081,-0.34202014332566943
510,middle_shield,-6.0,3.889990624398222,-0.6859103017843751,0.0,0.984807753012208,-0.1736481776669304
511,middle_shield,-6.5,3.95,0.0,0.0,1.0,0.0
512,middle_shield,-6.5,3.889990624398222,0.6859103017843748,0.0,0.984807753012208,0.17364817766693033
513,middle_shield,-6.5,3.7117858521043385,1.3509795661363915,0.0,0.9396926207859084,0.3420201433256687
514,middle_shield,-6.5,3.420800344948533,1.9749999999999999,0.0,0.8660254037844387,0.49999999999999994
515,middle_shield,-6.5,3.0258755503199635,2.5390110582618304,0.0,0.766044443118978,0.6427876096865393
516,middle_shield,-6.5,2.5390110582618304,3.0258755503199635,0.0,0.6427876096865394,0.766044443118978
517,middle_shield,-6.5,1.9750000000000005,3.4208003449485327,0.0,0.5000000000000001,0.8660254037844386
518,middle_shield,-6.5,1.350979566136392,3.711785852104338,0.0,0.3420201433256688,0.9396926207859083
519,middle_shield,-6.5,0.6859103017843752,3.889990624398222,0.0,0.17364817766693041,0.984807753012208
520,middle_shield,-6.5,2.4186774283160225e-16,3.95,0.0,6.123233995736766e-17,1.0
521,middle_shield,-6.5,-0.6859103017843747,3.889990624398222,0.0,-0.1736481776669303,0.984807753012208
522,middle_shield,-6.5,-1.3509795661363915,3.7117858521043385,0.0,-0.3420201433256687,0.9396926207859084
523,middle_shield,-6.5,-1.9749999999999992,3.420800344948533,0.0,-0.4999999999999998,0.8660254037844387
524,middle_shield,-6.5,-2.5390110582618304,3.0258755503199635,0.0,-0.6427876096865394,0.766044443118978
525,middle_shield,-6.5,-3.025875550319963,2.539011058261831,0.0,-0.7660444431189779,0.6427876096865395
526,middle_shield,-6.5,-3.420800344948533,1.9749999999999999,0.0,-0.8660254037844387,0.49999999999999994
527,middle_shield,-6.5,-3.711785852104338,1.3509795661363921,0.0,-0.9396926207859083,0.3420201433256689
528,middle_shield,-6.5,-3.889990624398222,0.6859103017843763,0.0,-0.984807753012208,0.1736481776669307
529,middle_shield,-6.5,-3.95,4.837354856632045e-16,0.0,-1.0,1.2246467991473532e-16
530,middle_shield,-6.5,-3.889990624398222,-0.6859103017843736,0.0,-0.9848077530122081,-0.17364817766693003
531,middle_shield,-6.5,-3.7117858521043385,-1.3509795661363913,0.0,-0.9396926207859084,-0.34202014332566866
532,middle_shield,-6.5,-3.4208003449485336,-1.974999999999999,0.0,-0.8660254037844388,-0.4999999999999997
533,middle_shield,-6.5,-3.0258755503199635,-2.5390110582618304,0.0,-0.766044443118978,-0.6427876096865393
534,middle_shield,-6.5,-2.539011058261831,-3.025875550319963,0.0,-0.6427876096865395,-0.7660444431189779
535,middle_shield,-6.5,-1.9750000000000019,-3.420800344948532,0.0,-0.5000000000000004,-0.8660254037844384
536,middle_shield,-6.5,-1.3509795661363941,-3.7117858521043376,0.0,-0.3420201433256694,-0.9396926207859082
537,middle_shield,-6.5,-0.6859103017843748,-3.889990624398222,0.0,-0.17364817766693033,-0.984807753012208
538,middle_shield,-6.5,-7.256032284948068e-16,-3.95,0.0,-1.8369701987210297e-16,-1.0
539,middle_shield,-6.5,0.6859103017843734,-3.889990624398222,0.0,0.17364817766692997,-0.9848077530122081
540,middle_shield,-6.5,1.3509795661363893,-3.711785852104339,0.0,0.34202014332566816,-0.9396926207859085
541,middle_shield,-6.5,1.9750000000000005,-3.4208003449485327,0.0,0.5000000000000001,-0.8660254037844386
542,middle_shield,-6.5,2.5390110582618304,-3.025875550319964,0.0,0.6427876096865393,-0.7660444431189781
543,middle_shield,-6.5,3.0258755503199626,-2.5390110582618313,0.0,0.7660444431189778,-0.6427876096865396
544,middle_shield,-6.5,3.420800344948532,-1.9750000000000019,0.0,0.8660254037844384,-0.5000000000000004
545,middle_shield,-6.5,3.711785852104337,-1.3509795661363944,0.0,0.9396926207859081,-0.34202014332566943
546,middle_shield,-6.5,3.889990624398222,-0.6859103017843751,0.0,0.984807753012208,-0.1736481776669304
547,tail_shield,-7.0,3.95,0.0,0.0,1.0,0.0
548,tail_shield,-7.0,3.889990624398222,0.6859103017843748,0.0,0.984807753012208,0.17364817766693033
549,tail_shield,-7.0,3.7117858521043385,1.3509795661363915,0.0,0.9396926207859084,0.3420201433256687
550,tail_shield,-7.0,3.420800344948533,1.9749999999999999,0.0,0.8660254037844387,0.49999999999999994
551,tail_shield,-7.0,3.0258755503199635,2.5390110582618304,0.0,0.766044443118978,0.6427876096865393
552,tail_shield,-7.0,2.5390110582618304,3.0258755503199635,0.0,0.6427876096865394,0.766044443118978
553,tail_shield,-7.0,1.9750000000000005,3.4208003449485327,0.0,0.5000000000000001,0.8660254037844386
554,tail_shield,-7.0,1.350979566136392,3.711785852104338,0.0,0.3420201433256688,0.9396926207859083
555,tail_shield,-7.0,0.6859103017843752,3.889990624398222,0.0,0.17364817766693041,0.984807753012208
556,tail_shield,-7.0,2.4186774283160225e-16,3.95,0.0,6.123233995736766e-17,1.0
557,tail_shield,-7.0,-0.6859103017843747,3.889990624398222,0.0,-0.1736481776669303,0.984807753012208
558,tail_shield,-7.0,-1.3509795661363915,3.7117858521043385,0.0,-0.3420201433256687,0.9396926207859084
559,tail_shield,-7.0,-1.9749999999999992,3.420800344948533,0.0,-0.4999999999999998,0.8660254037844387
560,tail_shield,-7.0,-2.5390110582618304,3.0258755503199635,0.0,-0.6427876096865394,0.766044443118978
561,tail_shield,-7.0,-3.025875550319963,2.539011058261831,0.0,-0.7660444431189779,0.6427876096865395
562,tail_shield,-7.0,-3.420800344948533,1.9749999999999999,0.0,-0.8660254037844387,0.49999999999999994
563,tail_shield,-7.0,-3.711785852104338,1.3509795661363921,0.0,-0.9396926207859083,0.3420201433256689
564,tail_shield,-7.0,-3.889990624398222,0.6859103017843763,0.0,-0.984807753012208,0.1736481776669307
565,tail_shield,-7.0,-3.95,4.837354856632045e-16,0.0,-1.0,1.2246467991473532e-16
566,tail_shield,-7.0,-3.889990624398222,-0.6859103017843736,0.0,-0.9848077530122081,-0.17364817766693003
567,tail_shield,-7.0,-3.7117858521043385,-1.3509795661363913,0.0,-0.9396926207859084,-0.34202014332566866
568,tail_shield,-7.0,-3.4208003449485336,-1.974999999999999,0.0,-0.8660254037844388,-0.4999999999999997
569,tail_shield,-7.0,-3.0258755503199635,-2.5390110582618304,0.0,-0.766044443118978,-0.6427876096865393
570,tail_shield,-7.0,-2.539011058261831,-3.025875550319963,0.0,-0.6427876096865395,-0.7660444431189779
571,tail_shield,-7.0,-1.9750000000000019,-3.420800344948532,0.0,-0.5000000000000004,-0.8660254037844384
572,tail_shield,-7.0,-1.3509795661363941,-3.7117858521043376,0.0,-0.3420201433256694,-0.9396926207859082
573,tail_shield,-7.0,-0.6859103017843748,-3.889990624398222,0.0,-0.17364817766693033,-0.984807753012208
574,tail_shield,-7.0,-7.256032284948068e-16,-3.95,0.0,-1.8369701987210297e-16,-1.0
575,tail_shield,-7.0,0.6859103017843734,-3.889990624398222,0.0,0.17364817766692997,-0.9848077530122081
576,tail_shield,-7.0,1.3509795661363893,-3.711785852104339,0.0,0.34202014332566816,-0.9396926207859085
577,tail_shield,-7.0,1.9750000000000005,-3.4208003449485327,0.0,0.5000000000000001,-0.8660254037844386
578,tail_shield,-7.0,2.5390110582618304,-3.025875550319964,0.0,0.6427876096865393,-0.7660444431189781
579,tail_shield,-7.0,3.0258755503199626,-2.5390110582618313,0.0,0.7660444431189778,-0.6427876096865396
580,tail_shield,-7.0,3.420800344948532,-1.9750000000000019,0.0,0.8660254037844384,-0.5000000000000004
581,tail_shield,-7.0,3.711785852104337,-1.3509795661363944,0.0,0.9396926207859081,-0.34202014332566943
582,tail_shield,-7.0,3.889990624398222,-0.6859103017843751,0.0,0.984807753012208,-0.1736481776669304
583,tail_shield,-7.5,3.95,0.0,0.0,1.0,0.0
584,tail_shield,-7.5,3.889990624398222,0.6859103017843748,0.0,0.984807753012208,0.17364817766693033
585,tail_shield,-7.5,3.7117858521043385,1.3509795661363915,0.0,0.9396926207859084,0.3420201433256687
586,tail_shield,-7.5,3.420800344948533,1.9749999999999999,0.0,0.8660254037844387,0.49999999999999994
587,tail_shield,-7.5,3.0258755503199635,2.5390110582618304,0.0,0.766044443118978,0.6427876096865393
588,tail_shield,-7.5,2.5390110582618304,3.0258755503199635,0.0,0.6427876096865394,0.766044443118978
589,tail_shield,-7.5,1.9750000000000005,3.4208003449485327,0.0,0.5000000000000001,0.8660254037844386
590,tail_shield,-7.5,1.350979566136392,3.711785852104338,0.0,0.3420201433256688,0.9396926207859083
591,tail_shield,-7.5,0.6859103017843752,3.889990624398222,0.0,0.17364817766693041,0.984807753012208
592,tail_shield,-7.5,2.4186774283160225e-16,3.95,0.0,6.123233995736766e-17,1.0
593,tail_shield,-7.5,-0.6859103017843747,3.889990624398222,0.0,-0.1736481776669303,0.984807753012208
594,tail_shield,-7.5,-1.3509795661363915,3.7117858521043385,0.0,-0.3420201433256687,0.9396926207859084
595,tail_shield,-7.5,-1.9749999999999992,3.420800344948533,0.0,-0.4999999999999998,0.8660254037844387
596,tail_shield,-7.5,-2.5390110582618304,3.0258755503199635,0.0,-0.6427876096865394,0.766044443118978
597,tail_shield,-7.5,-3.025875550319963,2.539011058261831,0.0,-0.7660444431189779,0.6427876096865395
598,tail_shield,-7.5,-3.420800344948533,1.9749999999999999,0.0,-0.8660254037844387,0.49999999999999994
599,tail_shield,-7.5,-3.711785852104338,1.3509795661363921,0.0,-0.9396926207859083,0.3420201433256689
600,tail_shield,-7.5,-3.889990624398222,0.6859103017843763,0.0,-0.984807753012208,0.1736481776669307
601,tail_shield,-7.5,-3.95,4.837354856632045e-16,0.0,-1.0,1.2246467991473532e-16
602,tail_shield,-7.5,-3.889990624398222,-0.6859103017843736,0.0,-0.9848077530122081,-0.17364817766693003
603,tail_shield,-7.5,-3.7117858521043385,-1.3509795661363913,0.0,-0.9396926207859084,-0.34202014332566866
604,tail_shield,-7.5,-3.4208003449485336,-1.974999999999999,0.0,-0.8660254037844388,-0.4999999999999997
605,tail_shield,-7.5,-3.0258755503199635,-2.5390110582618304,0.0,-0.766044443118978,-0.6427876096865393
606,tail_shield,-7.5,-2.539011058261831,-3.025875550319963,0.0,-0.6427876096865395,-0.7660444431189779
607,tail_shield,-7.5,-1.9750000000000019,-3.420800344948532,0.0,-0.5000000000000004,-0.8660254037844384
608,tail_shield,-7.5,-1.3509795661363941,-3.7117858521043376,0.0,-0.3420201433256694,-0.9396926207859082
609,tail_shield,-7.5,-0.6859103017843748,-3.889990624398222,0.0,-0.17364817766693033,-0.984807753012208
610,tail_shield,-7.5,-7.256032284948068e-16,-3.95,0.0,-1.8369701987210297e-16,-1.0
611,tail_shield,-7.5,0.6859103017843734,-3.889990624398222,0.0,0.17364817766692997,-0.9848077530122081
612,tail_shield,-7.5,1.3509795661363893,-3.711785852104339,0.0,0.34202014332566816,-0.9396926207859085
613,tail_shield,-7.5,1.9750000000000005,-3.4208003449485327,0.0,0.5000000000000001,-0.8660254037844386
614,tail_shield,-7.5,2.5390110582618304,-3.025875550319964,0.0,0.6427876096865393,-0.7660444431189781
615,tail_shield,-7.5,3.0258755503199626,-2.5390110582618313,0.0,0.7660444431189778,-0.6427876096865396
616,tail_shield,-7.5,3.420800344948532,-1.9750000000000019,0.0,0.8660254037844384,-0.5000000000000004
617,tail_shield,-7.5,3.711785852104337,-1.3509795661363944,0.0,0.9396926207859081,-0.34202014332566943
618,tail_shield,-7.5,3.889990624398222,-0.6859103017843751,0.0,0.984807753012208,-0.1736481776669304
619,tail_shield,-8.0,3.95,0.0,0.0,1.0,0.0
620,tail_shield,-8.0,3.889990624398222,0.6859103017843748,0.0,0.984807753012208,0.17364817766693033
621,tail_shield,-8.0,3.7117858521043385,1.3509795661363915,0.0,0.9396926207859084,0.3420201433256687
622,tail_shield,-8.0,3.420800344948533,1.9749999999999999,0.0,0.8660254037844387,0.49999999999999994
623,tail_shield,-8.0,3.0258755503199635,2.5390110582618304,0.0,0.766044443118978,0.6427876096865393
624,tail_shield,-8.0,2.5390110582618304,3.0258755503199635,0.0,0.6427876096865394,0.766044443118978
625,tail_shield,-8.0,1.9750000000000005,3.4208003449485327,0.0,0.5000000000000001,0.8660254037844386
626,tail_shield,-8.0,1.350979566136392,3.711785852104338,0.0,0.3420201433256688,0.9396926207859083
627,tail_shield,-8.0,0.6859103017843752,3.889990624398222,0.0,0.17364817766693041,0.984807753012208
628,tail_shield,-8.0,2.4186774283160225e-16,3.95,0.0,6.123233995736766e-17,1.0
629,tail_shield,-8.0,-0.6859103017843747,3.889990624398222,0.0,-0.1736481776669303,0.984807753012208
630,tail_shield,-8.0,-1.3509795661363915,3.7117858521043385,0.0,-0.3420201433256687,0.9396926207859084
631,tail_shield,-8.0,-1.9749999999999992,3.420800344948533,0.0,-0.4999999999999998,0.8660254037844387
632,tail_shield,-8.0,-2.5390110582618304,3.0258755503199635,0.0,-0.6427876096865394,0.766044443118978
633,tail_shield,-8.0,-3.025875550319963,2.539011058261831,0.0,-0.7660444431189779,0.6427876096865395
634,tail_shield,-8.0,-3.420800344948533,1.9749999999999999,0.0,-0.8660254037844387,0.49999999999999994
635,tail_shield,-8.0,-3.711785852104338,1.3509795661363921,0.0,-0.9396926207859083,0.3420201433256689
636,tail_shield,-8.0,-3.889990624398222,0.6859103017843763,0.0,-0.984807753012208,0.1736481776669307
637,tail_shield,-8.0,-3.95,4.837354856632045e-16,0.0,-1.0,1.2246467991473532e-16
638,tail_shield,-8.0,-3.889990624398222,-0.6859103017843736,0.0,-0.9848077530122081,-0.17364817766693003
639,tail_shield,-8.0,-3.7117858521043385,-1.3509795661363913,0.0,-0.9396926207859084,-0.34202014332566866
640,tail_shield,-8.0,-3.4208003449485336,-1.974999999999999,0.0,-0.8660254037844388,-0.4999999999999997
641,tail_shield,-8.0,-3.0258755503199635,-2.5390110582618304,0.0,-0.766044443118978,-0.6427876096865393
642,tail_shield,-8.0,-2.539011058261831,-3.025875550319963,0.0,-0.6427876096865395,-0.7660444431189779
643,tail_shield,-8.0,-1.9750000000000019,-3.420800344948532,0.0,-0.5000000000000004,-0.8660254037844384
644,tail_shield,-8.0,-1.3509795661363941,-3.7117858521043376,0.0,-0.3420201433256694,-0.9396926207859082
645,tail_shield,-8.0,-0.6859103017843748,-3.889990624398222,0.0,-0.17364817766693033,-0.984807753012208
646,tail_shield,-8.0,-7.256032284948068e-16,-3.95,0.0,-1.8369701987210297e-16,-1.0
647,tail_shield,-8.0,0.6859103017843734,-3.889990624398222,0.0,0.17364817766692997,-0.9848077530122081
648,tail_shield,-8.0,1.3509795661363893,-3.711785852104339,0.0,0.34202014332566816,-0.9396926207859085
649,tail_shield,-8.0,1.9750000000000005,-3.4208003449485327,0.0,0.5000000000000001,-0.8660254037844386
650,tail_shield,-8.0,2.5390110582618304,-3.025875550319964,0.0,0.6427876096865393,-0.7660444431189781
651,tail_shield,-8.0,3.0258755503199626,-2.5390110582618313,0.0,0.7660444431189778,-0.6427876096865396
652,tail_shield,-8.0,3.420800344948532,-1.9750000000000019,0.0,0.8660254037844384,-0.5000000000000004
653,tail_shield,-8.0,3.711785852104337,-1.3509795661363944,0.0,0.9396926207859081,-0.34202014332566943
654,tail_shield,-8.0,3.889990624398222,-0.6859103017843751,0.0,0.984807753012208,-0.1736481776669304
655,tail_shield,-8.5,3.95,0.0,0.0,1.0,0.0
656,tail_shield,-8.5,3.889990624398222,0.6859103017843748,0.0,0.984807753012208,0.17364817766693033
657,tail_shield,-8.5,3.7117858521043385,1.3509795661363915,0.0,0.9396926207859084,0.3420201433256687
658,tail_shield,-8.5,3.420800344948533,1.9749999999999999,0.0,0.8660254037844387,0.49999999999999994
659,tail_shield,-8.5,3.0258755503199635,2.5390110582618304,0.0,0.766044443118978,0.6427876096865393
660,tail_shield,-8.5,2.5390110582618304,3.0258755503199635,0.0,0.6427876096865394,0.766044443118978
661,tail_shield,-8.5,1.9750000000000005,3.4208003449485327,0.0,0.5000000000000001,0.8660254037844386
662,tail_shield,-8.5,1.350979566136392,3.711785852104338,0.0,0.3420201433256688,0.9396926207859083
663,tail_shield,-8.5,0.6859103017843752,3.889990624398222,0.0,0.17364817766693041,0.984807753012208
664,tail_shield,-8.5,2.4186774283160225e-16,3.95,0.0,6.123233995736766e-17,1.0
665,tail_shield,-8.5,-0.6859103017843747,3.889990624398222,0.0,-0.1736481776669303,0.984807753012208
666,tail_shield,-8.5,-1.3509795661363915,3.7117858521043385,0.0,-0.3420201433256687,0.9396926207859084
667,tail_shield,-8.5,-1.9749999999999992,3.420800344948533,0.0,-0.4999999999999998,0.8660254037844387
668,tail_shield,-8.5,-2.5390110582618304,3.0258755503199635,0.0,-0.6427876096865394,0.766044443118978
669,tail_shield,-8.5,-3.025875550319963,2.539011058261831,0.0,-0.7660444431189779,0.6427876096865395
670,tail_shield,-8.5,-3.420800344948533,1.9749999999999999,0.0,-0.8660254037844387,0.49999999999999994
671,tail_shield,-8.5,-3.711785852104338,1.3509795661363921,0.0,-0.9396926207859083,0.3420201433256689
672,tail_shield,-8.5,-3.889990624398222,0.6859103017843763,0.0,-0.984807753012208,0.1736481776669307
673,tail_shield,-8.5,-3.95,4.837354856632045e-16,0.0,-1.0,1.2246467991473532e-16
674,tail_shield,-8.5,-3.889990624398222,-0.6859103017843736,0.0,-0.9848077530122081,-0.17364817766693003
675,tail_shield,-8.5,-3.7117858521043385,-1.3509795661363913,0.0,-0.9396926207859084,-0.34202014332566866
676,tail_shield,-8.5,-3.4208003449485336,-1.974999999999999,0.0,-0.8660254037844388,-0.4999999999999997
677,tail_shield,-8.5,-3.0258755503199635,-2.5390110582618304,0.0,-0.766044443118978,-0.6427876096865393
678,tail_shield,-8.5,-2.539011058261831,-3.025875550319963,0.0,-0.6427876096865395,-0.7660444431189779
679,tail_shield,-8.5,-1.9750000000000019,-3.420800344948532,0.0,-0.5000000000000004,-0.8660254037844384
680,tail_shield,-8.5,-1.3509795661363941,-3.7117858521043376,0.0,-0.3420201433256694,-0.9396926207859082
681,tail_shield,-8.5,-0.6859103017843748,-3.889990624398222,0.0,-0.17364817766693033,-0.984807753012208
682,tail_shield,-8.5,-7.256032284948068e-16,-3.95,0.0,-1.8369701987210297e-16,-1.0
683,tail_shield,-8.5,0.6859103017843734,-3.889990624398222,0.0,0.17364817766692997,-0.9848077530122081
684,tail_shield,-8.5,1.3509795661363893,-3.711785852104339,0.0,0.34202014332566816,-0.9396926207859085
685,tail_shield,-8.5,1.9750000000000005,-3.4208003449485327,0.0,0.5000000000000001,-0.8660254037844386
686,tail_shield,-8.5,2.5390110582618304,-3.025875550319964,0.0,0.6427876096865393,-0.7660444431189781
687,tail_shield,-8.5,3.0258755503199626,-2.5390110582618313,0.0,0.7660444431189778,-0.6427876096865396
688,tail_shield,-8.5,3.420800344948532,-1.9750000000000019,0.0,0.8660254037844384,-0.5000000000000004
689,tail_shield,-8.5,3.711785852104337,-1.3509795661363944,0.0,0.9396926207859081,-0.34202014332566943
690,tail_shield,-8.5,3.889990624398222,-0.6859103017843751,0.0,0.984807753012208,-0.1736481776669304
691,tail_shield,-9.0,3.95,0.0,0.0,1.0,0.0
692,tail_shield,-9.0,3.889990624398222,0.6859103017843748,0.0,0.984807753012208,0.17364817766693033
693,tail_shield,-9.0,3.7117858521043385,1.3509795661363915,0.0,0.9396926207859084,0.3420201433256687
694,tail_shield,-9.0,3.420800344948533,1.9749999999999999,0.0,0.8660254037844387,0.49999999999999994
695,tail_shield,-9.0,3.0258755503199635,2.5390110582618304,0.0,0.766044443118978,0.6427876096865393
696,tail_shield,-9.0,2.5390110582618304,3.0258755503199635,0.0,0.6427876096865394,0.766044443118978
697,tail_shield,-9.0,1.9750000000000005,3.4208003449485327,0.0,0.5000000000000001,0.8660254037844386
698,tail_shield,-9.0,1.350979566136392,3.711785852104338,0.0,0.3420201433256688,0.9396926207859083
699,tail_shield,-9.0,0.6859103017843752,3.889990624398222,0.0,0.17364817766693041,0.984807753012208
700,tail_shield,-9.0,2.4186774283160225e-16,3.95,0.0,6.123233995736766e-17,1.0
701,tail_shield,-9.0,-0.6859103017843747,3.889990624398222,0.0,-0.1736481776669303,0.984807753012208
702,tail_shield,-9.0,-1.3509795661363915,3.7117858521043385,0.0,-0.3420201433256687,0.9396926207859084
703,tail_shield,-9.0,-1.9749999999999992,3.420800344948533,0.0,-0.4999999999999998,0.8660254037844387
704,tail_shield,-9.0,-2.5390110582618304,3.0258755503199635,0.0,-0.6427876096865394,0.766044443118978
705,tail_shield,-9.0,-3.025875550319963,2.539011058261831,0.0,-0.7660444431189779,0.6427876096865395
706,tail_shield,-9.0,-3.420800344948533,1.9749999999999999,0.0,-0.8660254037844387,0.49999999999999994
707,tail_shield,-9.0,-3.711785852104338,1.3509795661363921,0.0,-0.9396926207859083,0.3420201433256689
708,tail_shield,-9.0,-3.889990624398222,0.6859103017843763,0.0,-0.984807753012208,0.1736481776669307
709,tail_shield,-9.0,-3.95,4.837354856632045e-16,0.0,-1.0,1.2246467991473532e-16
710,tail_shield,-9.0,-3.889990624398222,-0.6859103017843736,0.0,-0.9848077530122081,-0.17364817766693003
711,tail_shield,-9.0,-3.7117858521043385,-1.3509795661363913,0.0,-0.9396926207859084,-0.34202014332566866
712,tail_shield,-9.0,-3.4208003449485336,-1.974999999999999,0.0,-0.8660254037844388,-0.4999999999999997
713,tail_shield,-9.0,-3.0258755503199635,-2.5390110582618304,0.0,-0.766044443118978,-0.6427876096865393
714,tail_shield,-9.0,-2.539011058261831,-3.025875550319963,0.0,-0.6427876096865395,-0.7660444431189779
715,tail_shield,-9.0,-1.9750000000000019,-3.420800344948532,0.0,-0.5000000000000004,-0.8660254037844384
716,tail_shield,-9.0,-1.3509795661363941,-3.7117858521043376,0.0,-0.3420201433256694,-0.9396926207859082
717,tail_shield,-9.0,-0.6859103017843748,-3.889990624398222,0.0,-0.17364817766693033,-0.984807753012208
718,tail_shield,-9.0,-7.256032284948068e-16,-3.95,0.0,-1.8369701987210297e-16,-1.0
719,tail_shield,-9.0,0.6859103017843734,-3.889990624398222,0.0,0.17364817766692997,-0.9848077530122081
720,tail_shield,-9.0,1.3509795661363893,-3.711785852104339,0.0,0.34202014332566816,-0.9396926207859085
721,tail_shield,-9.0,1.9750000000000005,-3.4208003449485327,0.0,0.5000000000000001,-0.8660254037844386
722,tail_shield,-9.0,2.5390110582618304,-3.025875550319964,0.0,0.6427876096865393,-0.7660444431189781
723,tail_shield,-9.0,3.0258755503199626,-2.5390110582618313,0.0,0.7660444431189778,-0.6427876096865396
724,tail_shield,-9.0,3.420800344948532,-1.9750000000000019,0.0,0.8660254037844384,-0.5000000000000004
725,tail_shield,-9.0,3.711785852104337,-1.3509795661363944,0.0,0.9396926207859081,-0.34202014332566943
726,tail_shield,-9.0,3.889990624398222,-0.6859103017843751,0.0,0.984807753012208,-0.1736481776669304
727,tail_shield,-9.5,3.95,0.0,0.0,1.0,0.0
728,tail_shield,-9.5,3.889990624398222,0.6859103017843748,0.0,0.984807753012208,0.17364817766693033
729,tail_shield,-9.5,3.7117858521043385,1.3509795661363915,0.0,0.9396926207859084,0.3420201433256687
730,tail_shield,-9.5,3.420800344948533,1.9749999999999999,0.0,0.8660254037844387,0.49999999999999994
731,tail_shield,-9.5,3.0258755503199635,2.5390110582618304,0.0,0.766044443118978,0.6427876096865393
732,tail_shield,-9.5,2.5390110582618304,3.0258755503199635,0.0,0.6427876096865394,0.766044443118978
733,tail_shield,-9.5,1.9750000000000005,3.4208003449485327,0.0,0.5000000000000001,0.8660254037844386
734,tail_shield,-9.5,1.350979566136392,3.711785852104338,0.0,0.3420201433256688,0.9396926207859083
735,tail_shield,-9.5,0.6859103017843752,3.889990624398222,0.0,0.17364817766693041,0.984807753012208
736,tail_shield,-9.5,2.4186774283160225e-16,3.95,0.0,6.123233995736766e-17,1.0
737,tail_shield,-9.5,-0.6859103017843747,3.889990624398222,0.0,-0.1736481776669303,0.984807753012208
738,tail_shield,-9.5,-1.3509795661363915,3.7117858521043385,0.0,-0.3420201433256687,0.9396926207859084
739,tail_shield,-9.5,-1.9749999999999992,3.420800344948533,0.0,-0.4999999999999998,0.8660254037844387
740,tail_shield,-9.5,-2.5390110582618304,3.0258755503199635,0.0,-0.6427876096865394,0.766044443118978
741,tail_shield,-9.5,-3.025875550319963,2.539011058261831,0.0,-0.7660444431189779,0.6427876096865395
742,tail_shield,-9.5,-3.420800344948533,1.9749999999999999,0.0,-0.8660254037844387,0.49999999999999994
743,tail_shield,-9.5,-3.711785852104338,1.3509795661363921,0.0,-0.9396926207859083,0.3420201433256689
744,tail_shield,-9.5,-3.889990624398222,0.6859103017843763,0.0,-0.984807753012208,0.1736481776669307
745,tail_shield,-9.5,-3.95,4.837354856632045e-16,0.0,-1.0,1.2246467991473532e-16
746,tail_shield,-9.5,-3.889990624398222,-0.6859103017843736,0.0,-0.9848077530122081,-0.17364817766693003
747,tail_shield,-9.5,-3.7117858521043385,-1.3509795661363913,0.0,-0.9396926207859084,-0.34202014332566866
748,tail_shield,-9.5,-3.4208003449485336,-1.974999999999999,0.0,-0.8660254037844388,-0.4999999999999997
749,tail_shield,-9.5,-3.0258755503199635,-2.5390110582618304,0.0,-0.766044443118978,-0.6427876096865393
750,tail_shield,-9.5,-2.539011058261831,-3.025875550319963,0.0,-0.6427876096865395,-0.7660444431189779
751,tail_shield,-9.5,-1.9750000000000019,-3.420800344948532,0.0,-0.5000000000000004,-0.8660254037844384
752,tail_shield,-9.5,-1.3509795661363941,-3.7117858521043376,0.0,-0.3420201433256694,-0.9396926207859082
753,tail_shield,-9.5,-0.6859103017843748,-3.889990624398222,0.0,-0.17364817766693033,-0.984807753012208
754,tail_shield,-9.5,-7.256032284948068e-16,-3.95,0.0,-1.8369701987210297e-16,-1.0
755,tail_shield,-9.5,0.6859103017843734,-3.889990624398222,0.0,0.17364817766692997,-0.9848077530122081
756,tail_shield,-9.5,1.3509795661363893,-3.711785852104339,0.0,0.34202014332566816,-0.9396926207859085
757,tail_shield,-9.5,1.9750000000000005,-3.4208003449485327,0.0,0.5000000000000001,-0.8660254037844386
758,tail_shield,-9.5,2.5390110582618304,-3.025875550319964,0.0,0.6427876096865393,-0.7660444431189781
759,tail_shield,-9.5,3.0258755503199626,-2.5390110582618313,0.0,0.7660444431189778,-0.6427876096865396
760,tail_shield,-9.5,3.420800344948532,-1.9750000000000019,0.0,0.8660254037844384,-0.5000000000000004
761,tail_shield,-9.5,3.711785852104337,-1.3509795661363944,0.0,0.9396926207859081,-0.34202014332566943
762,tail_shield,-9.5,3.889990624398222,-0.6859103017843751,0.0,0.984807753012208,-0.1736481776669304
763,tail_shield,-10.0,3.95,0.0,0.0,1.0,0.0
764,tail_shield,-10.0,3.889990624398222,0.6859103017843748,0.0,0.984807753012208,0.17364817766693033
765,tail_shield,-10.0,3.7117858521043385,1.3509795661363915,0.0,0.9396926207859084,0.3420201433256687
766,tail_shield,-10.0,3.420800344948533,1.9749999999999999,0.0,0.8660254037844387,0.49999999999999994
767,tail_shield,-10.0,3.0258755503199635,2.5390110582618304,0.0,0.766044443118978,0.6427876096865393
768,tail_shield,-10.0,2.5390110582618304,3.0258755503199635,0.0,0.6427876096865394,0.766044443118978
769,tail_shield,-10.0,1.9750000000000005,3.4208003449485327,0.0,0.5000000000000001,0.8660254037844386
770,tail_shield,-10.0,1.350979566136392,3.711785852104338,0.0,0.3420201433256688,0.9396926207859083
771,tail_shield,-10.0,0.6859103017843752,3.889990624398222,0.0,0.17364817766693041,0.984807753012208
772,tail_shield,-10.0,2.4186774283160225e-16,3.95,0.0,6.123233995736766e-17,1.0
773,tail_shield,-10.0,-0.6859103017843747,3.889990624398222,0.0,-0.1736481776669303,0.984807753012208
774,tail_shield,-10.0,-1.3509795661363915,3.7117858521043385,0.0,-0.3420201433256687,0.9396926207859084
775,tail_shield,-10.0,-1.9749999999999992,3.420800344948533,0.0,-0.4999999999999998,0.8660254037844387
776,tail_shield,-10.0,-2.5390110582618304,3.0258755503199635,0.0,-0.6427876096865394,0.766044443118978
777,tail_shield,-10.0,-3.025875550319963,2.539011058261831,0.0,-0.7660444431189779,0.6427876096865395
778,tail_shield,-10.0,-3.420800344948533,1.9749999999999999,0.0,-0.8660254037844387,0.49999999999999994
779,tail_shield,-10.0,-3.711785852104338,1.3509795661363921,0.0,-0.9396926207859083,0.3420201433256689
780,tail_shield,-10.0,-3.889990624398222,0.6859103017843763,0.0,-0.984807753012208,0.1736481776669307
781,tail_shield,-10.0,-3.95,4.837354856632045e-16,0.0,-1.0,1.2246467991473532e-16
782,tail_shield,-10.0,-3.889990624398222,-0.6859103017843736,0.0,-0.9848077530122081,-0.17364817766693003
783,tail_shield,-10.0,-3.7117858521043385,-1.3509795661363913,0.0,-0.9396926207859084,-0.34202014332566866
784,tail_shield,-10.0,-3.4208003449485336,-1.974999999999999,0.0,-0.8660254037844388,-0.4999999999999997
785,tail_shield,-10.0,-3.0258755503199635,-2.5390110582618304,0.0,-0.766044443118978,-0.6427876096865393
786,tail_shield,-10.0,-2.539011058261831,-3.025875550319963,0.0,-0.6427876096865395,-0.7660444431189779
787,tail_shield,-10.0,-1.9750000000000019,-3.420800344948532,0.0,-0.5000000000000004,-0.8660254037844384
788,tail_shield,-10.0,-1.3509795661363941,-3.7117858521043376,0.0,-0.3420201433256694,-0.9396926207859082
789,tail_shield,-10.0,-0.6859103017843748,-3.889990624398222,0.0,-0.17364817766693033,-0.984807753012208
790,tail_shield,-10.0,-7.256032284948068e-16,-3.95,0.0,-1.8369701987210297e-16,-1.0
791,tail_shield,-10.0,0.6859103017843734,-3.889990624398222,0.0,0.17364817766692997,-0.9848077530122081
792,tail_shield,-10.0,1.3509795661363893,-3.711785852104339,0.0,0.34202014332566816,-0.9396926207859085
793,tail_shield,-10.0,1.9750000000000005,-3.4208003449485327,0.0,0.5000000000000001,-0.8660254037844386
794,tail_shield,-10.0,2.5390110582618304,-3.025875550319964,0.0,0.6427876096865393,-0.7660444431189781
795,tail_shield,-10.0,3.0258755503199626,-2.5390110582618313,0.0,0.7660444431189778,-0.6427876096865396
796,tail_shield,-10.0,3.420800344948532,-1.9750000000000019,0.0,0.8660254037844384,-0.5000000000000004
797,tail_shield,-10.0,3.711785852104337,-1.3509795661363944,0.0,0.9396926207859081,-0.34202014332566943
798,tail_shield,-10.0,3.889990624398222,-0.6859103017843751,0.0,0.984807753012208,-0.1736481776669304
